chr,rs,p_lrt,negLogP
15,TIGRP2P198958_rs9132287,6.086629e-7,6.215623169113294
15,TIGRP2P199109_rs9018263,4.988277e-7,6.30204943806613
