chr,rs,p_lrt,negLogP
8,BICF2S23761892,5.741237e-6,5.240994524954758
15,BICF2G630417430,5.39477e-6,5.268027066247078
