chr,rs,p_lrt,negLogP
23,BICF2G630371785,6.061329e-6,5.217432142486156
