chr,rs,p_lrt,negLogP
23,BICF2P149521,5.959449e-6,5.224793892494938
