chr,rs,p_lrt,negLogP
7,BICF2G630549740,6.947725e-6,5.158157379825703
