chr,rs,p_lrt,negLogP
18,BICF2P411743,7.653746e-6,5.116125954527091
