chr,rs,p_lrt,negLogP
3,BICF2G630353909,4.682461e-6,5.329525831156213
