chr,rs,p_lrt,negLogP
9,chr9_57863119,8.53743e-6,5.068672844158243
9,BICF2G630475631,6.59795e-6,5.1805909799101615
9,chr9_57868353,6.604087e-6,5.1801872141235
9,BICF2G630475642,6.604087e-6,5.1801872141235
9,chr9_58805134,7.10276e-6,5.148572859752357
21,BICF2G630646103,5.193743e-6,5.284519544202918
