chr,rs,p_lrt,negLogP
9,BICF2G630471885,3.969853e-6,5.401225574463791
9,chr9_50771276,2.796156e-7,6.553438602579709
9,BICF2S232615,3.969853e-6,5.401225574463791
9,BICF2G630472198,5.713465e-6,5.24310042871103
17,TIGRP2P231467_rs8718658,8.094417e-7,6.091814425823623
17,BICF2P718401,8.094417e-7,6.091814425823623
29,BICF2G630627456,3.033361e-6,5.518075901269161
