chr,rs,p_lrt,negLogP
24,chr24_33618334,3.113903e-6,5.5066949200983
24,BICF2G630498032,3.113903e-6,5.5066949200983
24,BICF2G630498018,3.113903e-6,5.5066949200983
24,BICF2G630497996,3.113903e-6,5.5066949200983
24,chr24_33809914,3.113903e-6,5.5066949200983
