chr,rs,p_lrt,negLogP
15,BICF2G630428848,7.408971e-6,5.130242105118335
15,BICF2G630428842,2.953295e-6,5.529693169874322
15,BICF2S244693,2.953295e-6,5.529693169874322
