chr,rs,p_lrt,negLogP
10,BICF2G630481738,3.503725e-6,5.45546998802603
10,BICF2G630481751,3.503725e-6,5.45546998802603
10,BICF2G630481758,3.503725e-6,5.45546998802603
10,BICF2G630481773,3.503725e-6,5.45546998802603
10,BICF2G630481777,3.503725e-6,5.45546998802603
10,chr10_28136562,3.503725e-6,5.45546998802603
10,chr10_28504377,4.615095e-6,5.335819354756999
10,BICF2G630481869,4.615095e-6,5.335819354756999
10,BICF2G630481882,2.316754e-6,5.635120078473493
10,chr10_28523951,2.316754e-6,5.635120078473493
